,Age,Gender,Class,Joined,Married,Fare,Survived
0,41.0,Male,C3,Southampton,0.0,7.0,0
1,21.0,Male,Crew,Southampton,0.0,0.0,0
2,13.0,Male,C3,Southampton,,20.0,0
3,16.0,Male,C3,Southampton,0.0,,0
4,,Male,C2,Cherbourg,0.0,24.0,0
5,34.0,Male,,Southampton,1.0,0.0,0
6,45.0,Male,C3,Cherbourg,0.0,7.0,0
7,19.0,Male,C3,Cherbourg,0.0,7.0,0
8,26.0,Male,C3,Southampton,0.0,8.0,0
9,26.0,Male,Crew,Southampton,0.0,0.0,0
10,20.0,Male,Crew,Southampton,0.0,0.0,0
11,40.0,Female,C3,Southampton,1.0,9.0,0
12,24.0,Male,C3,Southampton,0.0,7.0,0
13,,Male,Crew,Southampton,0.0,0.0,0
14,37.0,Male,Crew,Southampton,1.0,0.0,0
15,35.0,Male,Crew,Southampton,1.0,13.0,0
16,19.0,Male,C3,Southampton,0.0,7.0,0
17,25.0,Male,C3,Southampton,0.0,7.0,0
18,22.0,Male,Crew,Southampton,0.0,0.0,0
19,26.0,Male,Crew,Southampton,1.0,0.0,0
20,30.0,Male,Crew,Southampton,1.0,0.0,0
21,35.0,Male,Crew,Southampton,1.0,0.0,0
22,39.0,Male,C3,Southampton,1.0,8.0,0
23,2.0,Female,C1,Southampton,0.0,151.0,0
24,,Male,C1,Southampton,1.0,,0
25,25.0,Female,C1,Southampton,1.0,151.0,0
26,36.0,Male,Crew,Belfast,1.0,0.0,0
27,43.0,Male,Crew,Belfast,1.0,0.0,0
28,,Male,C3,Southampton,0.0,8.0,0
29,33.0,Male,C3,Southampton,1.0,22.0,0
30,50.0,Male,Crew,Southampton,0.0,0.0,0
31,4.0,Male,C3,Southampton,0.0,31.0,0
32,6.0,Female,C3,Southampton,0.0,31.0,0
33,2.0,Female,C3,Southampton,0.0,31.0,0
34,38.0,Female,C3,Southampton,0.0,7.0,0
35,9.0,Female,C3,Southampton,0.0,31.0,0
36,11.0,Female,C3,Southampton,0.0,31.0,0
37,39.0,Male,C3,Southampton,1.0,31.0,0
38,26.0,Male,C3,Southampton,0.0,7.0,0
39,39.0,Female,C3,Southampton,1.0,31.0,0
40,20.0,Male,C3,Southampton,0.0,7.0,0
41,17.0,Male,C2,Southampton,0.0,11.0,0
42,26.0,Male,C2,Southampton,1.0,10.0,0
43,39.0,Male,Crew,Belfast,1.0,0.0,0
44,31.0,Male,C2,Southampton,1.0,26.0,0
45,,Male,C3,Southampton,1.0,17.0,0
46,18.0,Female,C3,Southampton,1.0,17.0,0
47,71.0,Male,C1,Cherbourg,0.0,49.0,0
48,57.0,Male,C2,Southampton,1.0,13.0,0
49,41.0,Male,Crew,Southampton,1.0,0.0,0
50,35.0,Male,C3,Southampton,0.0,7.0,0
51,5.0,Male,C3,Southampton,0.0,31.0,0
52,9.0,Male,C3,Southampton,0.0,31.0,0
53,13.0,Male,C3,Southampton,0.0,31.0,0
54,40.0,Male,C3,Southampton,1.0,31.0,0
55,23.0,Male,C3,Southampton,0.0,7.0,0
56,47.0,Male,C1,Cherbourg,0.0,247.0,0
57,27.0,Male,C3,Cherbourg,0.0,7.0,0
58,18.0,Female,C3,Cherbourg,0.0,14.0,0
59,23.0,Male,Crew,Southampton,1.0,0.0,0
60,37.0,Male,Crew,Belfast,1.0,0.0,0
61,32.0,Male,C3,Southampton,0.0,15.0,0
62,40.0,Male,C3,Cherbourg,0.0,7.0,0
63,33.0,Male,Crew,Southampton,1.0,0.0,0
64,44.0,Male,Crew,Belfast,0.0,0.0,0
65,46.0,Male,Crew,Southampton,1.0,0.0,0
66,18.0,Male,C2,Southampton,0.0,11.0,0
67,22.0,Male,C2,Southampton,0.0,10.0,0
68,58.0,Male,Crew,Southampton,0.0,0.0,0
69,42.0,Male,C2,Southampton,0.0,13.0,0
70,24.0,Male,Crew,Southampton,0.0,0.0,0
71,28.0,Male,C2,Southampton,1.0,10.0,0
72,34.0,Male,Crew,Southampton,1.0,0.0,0
73,45.0,Female,C3,Cherbourg,0.0,14.0,0
74,19.0,Male,Crew,Southampton,0.0,0.0,0
75,40.0,Male,Crew,Southampton,1.0,0.0,0
76,42.0,Male,Crew,Belfast,1.0,0.0,0
77,39.0,Male,Crew,Southampton,0.0,0.0,0
78,29.0,Male,Crew,Southampton,0.0,0.0,0
79,40.0,Male,Crew,Southampton,0.0,0.0,0
80,39.0,Male,Crew,Southampton,1.0,0.0,0
81,16.0,Male,Crew,Southampton,0.0,0.0,0
82,34.0,Male,Crew,Belfast,1.0,0.0,0
83,30.0,Female,C3,Queenstown,0.0,7.0,0
84,22.0,Male,C3,Southampton,0.0,8.0,0
85,27.0,Male,Crew,Southampton,0.0,0.0,0
86,52.0,Male,C2,Southampton,1.0,12.0,0
87,48.0,Male,C1,Cherbourg,0.0,25.0,0
88,53.0,Male,Crew,Southampton,0.0,0.0,0
89,24.0,Male,C1,Cherbourg,0.0,247.0,0
90,55.0,Male,Crew,Southampton,1.0,0.0,0
91,33.0,Male,Crew,Southampton,0.0,0.0,0
92,30.0,Male,C3,Cherbourg,0.0,7.0,0
93,40.0,Male,Crew,Belfast,1.0,0.0,0
94,36.0,Male,C1,Southampton,0.0,75.0,0
95,,Male,C2,Southampton,1.0,26.0,0
96,20.0,Male,C3,Southampton,0.0,8.0,0
97,31.0,Male,Crew,Southampton,0.0,0.0,0
98,51.0,Male,Crew,Belfast,1.0,0.0,0
99,23.0,Male,Crew,Southampton,0.0,0.0,0
100,30.0,Male,Crew,Southampton,0.0,0.0,0
101,47.0,Male,Crew,Southampton,0.0,0.0,0
102,22.0,Male,C3,Southampton,0.0,9.0,0
103,23.0,Male,C2,Southampton,0.0,13.0,0
104,31.0,Male,Crew,Southampton,1.0,0.0,0
105,25.0,Male,Crew,Southampton,0.0,0.0,0
106,21.0,Male,C3,Southampton,0.0,7.0,0
107,24.0,Male,C1,Cherbourg,0.0,26.0,0
108,28.0,Male,Crew,Southampton,0.0,0.0,0
109,18.0,Male,C3,Southampton,0.0,7.0,0
110,41.0,Male,Crew,Southampton,0.0,0.0,0
111,45.0,Male,C1,Southampton,0.0,35.0,0
112,17.0,Male,Crew,Southampton,0.0,0.0,0
113,26.0,Male,Crew,Belfast,0.0,0.0,0
114,36.0,Male,Crew,Southampton,1.0,0.0,0
115,32.0,Male,Crew,Southampton,0.0,0.0,0
116,43.0,Male,Crew,Southampton,1.0,0.0,0
117,59.0,Male,Crew,Southampton,1.0,0.0,0
118,45.0,Male,Crew,Belfast,1.0,0.0,0
119,41.0,Male,C1,Southampton,1.0,26.0,0
120,32.0,Male,Crew,Belfast,1.0,0.0,0
121,25.0,Male,C2,Southampton,0.0,13.0,0
122,46.0,Male,Crew,Southampton,0.0,0.0,0
123,18.0,Male,C3,Cherbourg,0.0,7.0,0
124,40.0,Female,C3,Queenstown,0.0,7.0,0
125,42.0,Male,C3,Queenstown,1.0,15.0,0
126,32.0,Female,C3,Queenstown,1.0,15.0,0
127,20.0,Male,C3,Southampton,0.0,16.0,0
128,,Male,C2,Southampton,1.0,13.0,0
129,38.0,Male,Crew,Southampton,1.0,0.0,0
130,42.0,Male,Crew,Southampton,1.0,0.0,0
131,41.0,Male,C1,Southampton,0.0,30.0,0
132,20.0,Female,C3,Southampton,0.0,7.0,0
133,48.0,Male,C1,Cherbourg,0.0,50.0,0
134,29.0,Male,C3,Southampton,0.0,7.0,0
135,22.0,Male,C3,Southampton,0.0,7.0,0
136,45.0,Male,C1,Cherbourg,1.0,39.0,0
137,52.0,Male,Crew,Belfast,1.0,0.0,0
138,40.0,Male,C2,Southampton,0.0,13.0,0
139,40.0,Male,C3,Southampton,1.0,8.0,0
140,28.0,Male,Crew,Southampton,1.0,0.0,0
141,33.0,Male,Crew,Belfast,1.0,0.0,0
142,60.0,Male,C2,Southampton,0.0,39.0,0
143,41.0,Male,Crew,Belfast,0.0,0.0,0
144,25.0,Male,C2,Southampton,0.0,26.0,0
145,23.0,Female,C3,Queenstown,0.0,7.0,0
146,34.0,Male,Crew,Southampton,0.0,0.0,0
147,20.0,Male,Crew,Belfast,0.0,0.0,0
148,19.0,Male,C3,Queenstown,0.0,6.0,0
149,29.0,Male,Crew,Belfast,1.0,0.0,0
150,15.0,Female,C3,Queenstown,0.0,7.0,0
151,29.0,Male,Crew,Southampton,1.0,0.0,0
152,35.0,Male,Crew,Southampton,0.0,0.0,0
153,21.0,Male,C3,Cherbourg,1.0,7.0,0
154,46.0,Male,C1,Southampton,0.0,26.0,0
155,44.0,Male,Crew,Southampton,0.0,0.0,0
156,7.0,Male,C3,Cherbourg,0.0,15.0,0
157,10.0,Female,C3,Cherbourg,0.0,15.0,0
158,40.0,Female,C3,Cherbourg,1.0,15.0,0
159,28.0,Male,Crew,Southampton,0.0,31.0,0
160,33.0,Male,Crew,Belfast,0.0,0.0,0
161,,Female,C3,Queenstown,0.0,7.0,0
162,21.0,Male,C3,Queenstown,0.0,7.0,0
163,29.0,Male,C3,Southampton,1.0,8.0,0
164,28.0,Male,C3,Cherbourg,0.0,14.0,0
165,19.0,Male,C2,Southampton,0.0,13.0,0
166,28.0,Male,C3,Southampton,1.0,7.0,0
167,33.0,Male,C1,Southampton,0.0,5.0,0
168,45.0,Female,C3,Queenstown,0.0,7.0,0
169,27.0,Male,C1,Southampton,0.0,47.0,0
170,17.0,Male,C1,Southampton,0.0,47.0,0
171,45.0,Female,C2,Southampton,1.0,26.0,0
172,54.0,Male,C2,Southampton,0.0,26.0,0
173,,Male,C3,Southampton,0.0,7.0,0
174,49.0,Male,C1,Southampton,1.0,26.0,0
175,36.0,Male,C1,Southampton,1.0,78.0,0
176,24.0,Male,C3,Southampton,0.0,8.0,0
177,46.0,Male,C1,Southampton,0.0,61.0,0
178,51.0,Male,C2,Southampton,0.0,13.0,0
179,37.0,Male,C2,Southampton,1.0,26.0,0
180,30.0,Female,C2,Southampton,1.0,26.0,0
181,20.0,Male,C3,Queenstown,0.0,7.0,0
182,27.0,Male,Crew,Belfast,0.0,0.0,0
183,29.0,Male,C3,Southampton,0.0,8.0,0
184,26.0,Male,C3,Cherbourg,0.0,14.0,0
185,21.0,Male,C3,Cherbourg,0.0,14.0,0
186,27.0,Male,C1,Cherbourg,1.0,136.0,0
187,29.0,Male,C2,Southampton,1.0,26.0,0
188,40.0,Male,C1,Southampton,1.0,52.0,0
189,21.0,Male,Crew,Southampton,1.0,0.0,0
190,24.0,Male,C3,Queenstown,0.0,7.0,0
191,57.0,Male,Crew,Belfast,1.0,0.0,0
192,29.0,Male,C2,Southampton,0.0,10.0,0
193,27.0,Male,C2,Southampton,0.0,13.0,0
194,37.0,Male,C1,Southampton,0.0,25.0,0
195,37.0,Male,C1,Cherbourg,0.0,83.0,0
196,30.0,Male,C3,Queenstown,0.0,7.0,0
197,40.0,Male,C3,Queenstown,0.0,7.0,0
198,41.0,Female,C3,Queenstown,0.0,7.0,0
199,66.0,Male,C3,Queenstown,0.0,7.0,0
200,25.0,Male,Crew,Belfast,0.0,0.0,0
201,43.0,Male,C3,Southampton,0.0,8.0,0
202,45.0,Male,Crew,Southampton,1.0,0.0,0
203,27.0,Male,Crew,Southampton,1.0,0.0,0
204,30.0,Female,C2,Southampton,1.0,13.0,0
205,32.0,Female,C2,Southampton,1.0,21.0,0
206,30.0,Male,C3,Southampton,1.0,8.0,0
207,21.0,Male,C2,Southampton,0.0,11.0,0
208,49.0,Male,Crew,Southampton,0.0,0.0,0
209,58.0,Male,C3,Southampton,0.0,7.0,0
210,27.0,Male,Crew,Belfast,1.0,0.0,0
211,58.0,Male,C1,Southampton,0.0,26.0,0
212,43.0,Male,C3,Southampton,0.0,16.0,0
213,70.0,Male,C1,Southampton,0.0,71.0,0
214,44.0,Male,Crew,Southampton,1.0,0.0,0
215,35.0,Male,Crew,Belfast,1.0,0.0,0
216,39.0,Male,C1,Cherbourg,0.0,71.0,0
217,21.0,Male,Crew,Belfast,0.0,0.0,0
218,22.0,Female,C3,Southampton,0.0,10.0,0
219,19.0,Male,C3,Southampton,0.0,10.0,0
220,1.0,Male,C3,Southampton,0.0,14.0,0
221,34.0,Male,C3,Southampton,0.0,14.0,0
222,28.0,Female,C3,Southampton,1.0,14.0,0
223,18.0,Male,Crew,Southampton,0.0,0.0,0
224,31.0,Male,C1,Cherbourg,0.0,52.0,0
225,24.0,Male,C3,Southampton,1.0,24.0,0
226,19.0,Male,C2,Southampton,0.0,73.0,0
227,22.0,Male,C3,Southampton,0.0,24.0,0
228,17.0,Male,C3,Southampton,0.0,8.0,0
229,32.0,Male,C3,Southampton,1.0,16.0,0
230,16.0,Male,C3,Southampton,0.0,9.0,0
231,17.0,Male,C2,Southampton,0.0,73.0,0
232,25.0,Male,C3,Southampton,0.0,20.0,0
233,34.0,Male,Crew,Belfast,0.0,0.0,0
234,29.0,Male,C2,Cherbourg,1.0,27.0,0
235,25.0,Male,C2,Southampton,0.0,31.0,0
236,30.0,Male,C3,Southampton,0.0,7.0,0
237,27.0,Male,C3,Southampton,0.0,7.0,0
238,28.0,Male,Crew,Belfast,0.0,0.0,0
239,18.0,Male,C2,Southampton,0.0,73.0,0
240,17.0,Male,C3,Southampton,0.0,7.0,0
241,42.0,Male,C3,Southampton,1.0,8.0,0
242,43.0,Male,C3,Southampton,0.0,7.0,0
243,49.0,Male,Crew,Southampton,1.0,0.0,0
244,39.0,Male,Crew,Belfast,0.0,0.0,0
245,44.0,Male,Crew,Belfast,1.0,0.0,0
246,22.0,Male,C3,Queenstown,0.0,8.0,0
247,38.0,Male,Crew,Belfast,1.0,0.0,0
248,31.0,Male,Crew,Belfast,1.0,0.0,0
249,21.0,Female,C3,Queenstown,0.0,7.0,0
250,37.0,Male,C3,Queenstown,0.0,7.0,0
251,50.0,Male,C1,Cherbourg,0.0,106.0,0
252,55.0,Male,C2,Southampton,1.0,26.0,0
253,28.0,Female,C3,Queenstown,0.0,7.0,0
254,33.0,Male,C3,Cherbourg,1.0,7.0,0
255,42.0,Male,C2,Southampton,1.0,32.0,0
256,39.0,Male,C1,Cherbourg,0.0,29.0,0
257,48.0,Male,Crew,Southampton,0.0,0.0,0
258,65.0,Male,C3,Queenstown,1.0,7.0,0
259,24.0,Male,Crew,Belfast,0.0,0.0,0
260,23.0,Male,C3,Southampton,1.0,13.0,0
261,28.0,Male,C3,Cherbourg,0.0,7.0,0
262,29.0,Male,C3,Cherbourg,1.0,7.0,0
263,48.0,Male,Crew,Southampton,1.0,0.0,0
264,16.0,Male,C3,Southampton,0.0,7.0,0
265,45.0,Male,C3,Southampton,1.0,6.0,0
266,22.0,Male,C3,Cherbourg,0.0,7.0,0
267,39.0,Male,C3,Cherbourg,0.0,7.0,0
268,15.0,Male,C3,Cherbourg,0.0,7.0,0
269,48.0,Male,C3,Southampton,1.0,7.0,0
270,21.0,Male,C2,Southampton,0.0,13.0,0
271,18.0,Male,Crew,Belfast,0.0,0.0,0
272,37.0,Male,C3,Southampton,0.0,7.0,0
273,36.0,Female,C1,Cherbourg,0.0,31.0,0
274,37.0,Male,C3,Southampton,1.0,15.0,0
275,18.0,Male,C2,Southampton,0.0,13.0,0
276,46.0,Male,C3,Southampton,1.0,7.0,0
277,22.0,Male,Crew,Belfast,0.0,0.0,0
278,26.0,Male,C3,Queenstown,0.0,7.0,0
279,48.0,Male,Crew,Southampton,1.0,221.0,0
280,31.0,Male,C2,Southampton,0.0,26.0,0
281,18.0,Male,C2,Southampton,0.0,10.0,0
282,22.0,Female,C3,Queenstown,0.0,7.0,0
283,25.0,Male,Crew,Belfast,1.0,0.0,0
284,28.0,Male,C3,Queenstown,0.0,7.0,0
285,48.0,Male,C3,Queenstown,1.0,6.0,0
286,19.0,Male,C3,Queenstown,0.0,7.0,0
287,20.0,Female,C3,Southampton,0.0,34.0,0
288,7.0,Female,C3,Southampton,0.0,34.0,0
289,23.0,Male,C3,Southampton,0.0,8.0,0
290,18.0,Male,C3,Southampton,0.0,34.0,0
291,14.0,Male,C3,Southampton,0.0,34.0,0
292,54.0,Female,C3,Southampton,1.0,34.0,0
293,30.0,Male,C1,Southampton,0.0,27.0,0
294,19.0,Male,C1,Southampton,0.0,263.0,0
295,64.0,Male,C1,Southampton,0.0,263.0,0
296,38.0,Male,C2,Southampton,1.0,13.0,0
297,37.0,Male,C1,Southampton,0.0,26.0,0
298,30.0,Male,Crew,Belfast,1.0,0.0,0
299,38.0,Female,C2,Southampton,0.0,13.0,0
300,37.0,Male,C1,Southampton,0.0,53.0,0
301,36.0,Male,C2,Southampton,0.0,26.0,0
302,37.0,Male,C2,Southampton,0.0,21.0,0
303,33.0,Male,C2,Southampton,0.0,21.0,0
304,29.0,Male,C3,Queenstown,0.0,7.0,0
305,21.0,Male,C3,Southampton,0.0,14.0,0
306,19.0,Male,C2,Southampton,0.0,26.0,0
307,26.0,Male,C2,Southampton,0.0,10.0,0
308,32.0,Male,Crew,Southampton,1.0,0.0,0
309,47.0,Male,C1,Southampton,0.0,38.0,0
310,1.0,Male,C3,Cherbourg,0.0,7.0,0
311,23.0,Male,Crew,Cherbourg,0.0,79.0,0
312,46.0,Male,C2,Southampton,0.0,10.0,0
313,20.0,Male,C2,Southampton,0.0,11.0,0
314,24.0,Male,C2,Southampton,0.0,13.0,0
315,24.0,Male,C2,Southampton,1.0,13.0,0
316,31.0,Male,C2,Southampton,0.0,13.0,0
317,71.0,Male,C1,Cherbourg,0.0,34.0,0
318,33.0,Male,C3,Southampton,1.0,20.0,0
319,41.0,Male,C3,Southampton,1.0,7.0,0
320,10.0,Male,C3,Southampton,0.0,46.0,0
321,1.0,Male,C3,Southampton,0.0,46.0,0
322,13.0,Male,C3,Southampton,0.0,46.0,0
323,12.0,Female,C3,Southampton,0.0,46.0,0
324,16.0,Female,C3,Southampton,0.0,46.0,0
325,14.0,Male,C3,Southampton,0.0,46.0,0
326,42.0,Male,C3,Southampton,1.0,46.0,0
327,43.0,Female,C3,Southampton,1.0,46.0,0
328,38.0,Male,C1,Southampton,0.0,30.0,0
329,41.0,Male,C3,Southampton,1.0,8.0,0
330,43.0,Male,Crew,Southampton,0.0,0.0,0
331,32.0,Male,C3,Southampton,0.0,8.0,0
332,46.0,Male,C1,Cherbourg,0.0,79.0,0
333,19.0,Male,C3,Southampton,0.0,9.0,0
334,28.0,Male,C3,Southampton,0.0,7.0,0
335,24.0,Female,C3,Southampton,0.0,8.0,0
336,28.0,Male,C3,Southampton,1.0,6.0,0
337,19.0,Male,C3,Southampton,0.0,6.0,0
338,28.0,Male,C3,Southampton,1.0,15.0,0
339,47.0,Male,Crew,Southampton,1.0,0.0,0
340,54.0,Male,Crew,Southampton,0.0,0.0,0
341,41.0,Male,C3,Southampton,1.0,14.0,0
342,45.0,Male,C2,Southampton,0.0,13.0,0
343,17.0,Female,C3,Queenstown,0.0,7.0,0
344,21.0,Female,C3,Southampton,0.0,7.0,0
345,39.0,Male,C2,Southampton,0.0,33.0,0
346,37.0,Male,Crew,Southampton,0.0,42.0,0
347,24.0,Male,Crew,Southampton,1.0,0.0,0
348,45.0,Male,C1,Southampton,1.0,83.0,0
349,45.0,Male,C2,Southampton,1.0,10.0,0
350,47.0,Male,C2,Southampton,0.0,26.0,0
351,30.0,Male,C3,Queenstown,1.0,6.0,0
352,52.0,Male,Crew,Southampton,0.0,0.0,0
353,55.0,Male,C1,Southampton,0.0,93.0,0
354,42.0,Male,C1,Southampton,1.0,42.0,0
355,20.0,Female,C3,Queenstown,0.0,6.0,0
356,23.0,Female,C3,Southampton,0.0,7.0,0
357,30.0,Male,C3,Southampton,1.0,7.0,0
358,28.0,Female,C3,Southampton,0.0,7.0,0
359,50.0,Male,C2,Southampton,1.0,65.0,0
360,51.0,Male,Crew,Southampton,1.0,0.0,0
361,24.0,Male,C2,Southampton,0.0,73.0,0
362,30.0,Male,C2,Southampton,0.0,73.0,0
363,21.0,Male,C2,Southampton,0.0,73.0,0
364,44.0,Male,C1,Southampton,1.0,51.0,0
365,18.0,Female,C2,Southampton,0.0,13.0,0
366,36.0,Male,Crew,Southampton,0.0,0.0,0
367,55.0,Male,C1,Southampton,0.0,50.0,0
368,23.0,Male,C2,Southampton,0.0,11.0,0
369,36.0,Male,C2,Southampton,1.0,13.0,0
370,50.0,Male,C2,Southampton,1.0,13.0,0
371,46.0,Male,Crew,Belfast,1.0,0.0,0
372,44.0,Male,C2,Southampton,1.0,26.0,0
373,43.0,Male,C3,Southampton,0.0,6.0,0
374,18.0,Male,C3,Southampton,1.0,22.0,0
375,42.0,Male,C1,Southampton,1.0,52.0,0
376,14.0,Male,Crew,Southampton,0.0,0.0,0
377,22.0,Male,C3,Queenstown,0.0,7.0,0
378,22.0,Male,Crew,Southampton,1.0,0.0,0
379,63.0,Male,C2,Southampton,1.0,26.0,0
380,61.0,Female,C2,Southampton,1.0,26.0,0
381,43.0,Male,C1,Cherbourg,0.0,30.0,0
382,42.0,Male,C3,Southampton,1.0,7.0,0
383,34.0,Male,C2,Southampton,1.0,12.0,0
384,11.0,Male,C3,Cherbourg,0.0,18.0,0
385,33.0,Male,C3,Cherbourg,0.0,14.0,0
386,32.0,Male,C3,Southampton,0.0,7.0,0
387,17.0,Female,C3,Southampton,0.0,7.0,0
388,25.0,Female,C3,Southampton,0.0,7.0,0
389,50.0,Female,C1,Cherbourg,0.0,28.0,0
390,16.0,Female,C3,Cherbourg,0.0,14.0,0
391,19.0,Female,C3,Cherbourg,0.0,14.0,0
392,63.0,Female,C3,Southampton,0.0,8.0,0
393,42.0,Male,C2,Southampton,1.0,27.0,0
394,21.0,Male,C3,Southampton,1.0,7.0,0
395,46.0,Male,C2,Southampton,1.0,15.0,0
396,24.0,Male,C2,Southampton,0.0,31.0,0
397,21.0,Male,C2,Southampton,0.0,31.0,0
398,32.0,Male,C2,Southampton,0.0,10.0,0
399,55.0,Male,Crew,Belfast,1.0,0.0,0
400,48.0,Male,C3,Southampton,0.0,7.0,0
401,34.0,Male,C3,Southampton,0.0,6.0,0
402,33.0,Male,C3,Southampton,0.0,8.0,0
403,31.0,Male,C3,Southampton,0.0,7.0,0
404,49.0,Male,C3,Southampton,0.0,19.54,0
405,33.0,Male,C3,Southampton,0.0,7.0,0
406,19.0,Male,C3,Southampton,0.0,19.54,0
407,8.0,Male,C3,Southampton,0.0,23.0,0
408,7.0,Female,C3,Southampton,0.0,23.0,0
409,35.0,Male,C3,Southampton,1.0,23.0,0
410,36.0,Female,C3,Southampton,1.0,23.0,0
411,37.0,Male,Crew,Southampton,0.0,0.0,0
412,46.0,Male,C1,Southampton,1.0,26.0,0
413,38.0,Male,Crew,Southampton,0.0,0.0,0
414,50.0,Male,C1,Southampton,0.0,26.0,0
415,20.0,Female,C3,Southampton,0.0,9.0,0
416,21.0,Female,C3,Southampton,0.0,9.0,0
417,21.0,Male,C3,Southampton,0.0,8.0,0
418,34.0,Male,C2,Southampton,0.0,26.0,0
419,33.0,Male,C3,Southampton,1.0,7.0,0
420,22.0,Female,C2,Southampton,0.0,21.0,0
421,23.0,Male,C3,Queenstown,0.0,7.0,0
422,35.0,Male,C2,Queenstown,0.0,12.0,0
423,33.0,Male,Crew,Southampton,1.0,211.0,0
424,19.0,Male,C3,Southampton,0.0,8.0,0
425,44.0,Male,C3,Queenstown,0.0,7.0,0
426,23.0,Male,Crew,Belfast,0.0,0.0,0
427,58.0,Male,C1,Cherbourg,0.0,29.0,0
428,41.0,Male,C1,Southampton,1.0,51.0,0
429,25.0,Male,C3,Cherbourg,1.0,14.0,0
430,20.0,Female,C3,Cherbourg,1.0,14.0,0
431,42.0,Male,Crew,Southampton,0.0,0.0,0
432,23.0,Female,C3,Southampton,0.0,8.0,0
433,71.0,Male,C2,Queenstown,1.0,12.0,0
434,1.0,Female,C3,Southampton,0.0,12.0,0
435,36.0,Female,C3,Southampton,1.0,12.0,0
436,36.0,Male,C3,Southampton,0.0,7.0,0
437,27.0,Male,C3,Southampton,1.0,7.0,0
438,31.0,Male,C2,Southampton,0.0,10.0,0
439,35.0,Male,C3,Cherbourg,1.0,7.0,0
440,34.0,Female,C2,Southampton,1.0,26.0,0
441,35.0,Male,C2,Southampton,0.0,26.0,0
442,38.0,Female,C3,Southampton,0.0,9.0,0
443,46.0,Male,Crew,Belfast,0.0,0.0,0
444,23.0,Male,C3,Southampton,0.0,56.0,0
445,31.0,Male,C2,Queenstown,0.0,10.0,0
446,16.0,Male,C3,Queenstown,0.0,7.0,0
447,25.0,Male,C2,Cherbourg,0.0,41.0,0
448,29.0,Male,C3,Southampton,1.0,9.0,0
449,5.0,Male,C3,Southampton,0.0,25.0,0
450,3.0,Female,C3,Southampton,0.0,25.0,0
451,8.0,Female,C3,Southampton,0.0,25.0,0
452,12.0,Female,C3,Southampton,0.0,25.0,0
453,40.0,Female,C3,Southampton,1.0,25.0,0
454,20.0,Male,C3,Queenstown,0.0,15.0,0
455,41.0,Male,C3,Southampton,0.0,24.0,0
456,30.0,Male,C1,Cherbourg,0.0,27.0,0
457,25.0,Male,C2,Southampton,0.0,10.0,0
458,24.0,Male,C3,Southampton,0.0,9.0,0
459,42.0,Male,C1,Southampton,1.0,26.0,0
460,45.0,Female,C3,Southampton,0.0,7.0,0
461,36.0,Male,C3,Southampton,1.0,15.0,0
462,30.0,Female,C3,Southampton,1.0,15.0,0
463,28.0,Male,C3,Southampton,0.0,56.0,0
464,61.0,Male,C2,Queenstown,0.0,12.0,0
465,28.0,Male,C3,Southampton,0.0,9.0,0
466,25.0,Male,C3,Southampton,1.0,7.0,0
467,31.0,Male,C3,Southampton,1.0,16.0,0
468,34.0,Female,C3,Southampton,1.0,16.0,0
469,29.0,Male,C1,Southampton,0.0,30.0,0
470,30.0,Male,C1,Southampton,1.0,45.0,0
471,50.0,Male,C2,Southampton,1.0,26.0,0
472,50.0,Male,C3,Southampton,1.0,7.0,0
473,30.0,Male,C3,Cherbourg,1.0,6.0,0
474,44.0,Male,C3,Southampton,0.0,7.0,0
475,36.0,Male,C2,Southampton,1.0,12.0,0
476,57.0,Female,C2,Southampton,0.0,10.0,0
477,32.0,Male,Crew,Belfast,0.0,0.0,0
478,30.0,Male,C1,Southampton,0.0,26.0,0
479,20.0,Female,C3,Queenstown,0.0,7.0,0
480,25.0,Male,C2,Cherbourg,0.0,15.0,0
481,45.0,Male,C2,Cherbourg,1.0,37.0,0
482,32.0,Female,C3,Queenstown,0.0,7.0,0
483,47.0,Male,C2,Cherbourg,0.0,15.0,0
484,25.0,Male,C3,Cherbourg,0.0,7.0,0
485,18.0,Male,C1,Southampton,1.0,53.0,0
486,25.0,Male,Crew,Southampton,1.0,0.0,0
487,59.0,Male,Crew,Southampton,0.0,0.0,0
488,36.0,Male,C2,Southampton,0.0,16.0,0
489,53.0,Male,Crew,Belfast,1.0,0.0,0
490,46.0,Male,C1,Southampton,0.0,75.0,0
491,54.0,Male,C1,Southampton,1.0,51.0,0
492,36.0,Male,Crew,Belfast,0.0,0.0,0
493,32.0,Male,C2,Southampton,0.0,13.0,0
494,32.0,Male,C2,Southampton,1.0,13.0,0
495,42.0,Female,C3,Queenstown,0.0,7.0,0
496,46.0,Male,C2,Southampton,0.0,26.0,0
497,27.0,Male,C3,Southampton,1.0,16.0,0
498,19.0,Female,C3,Southampton,1.0,16.0,0
499,26.0,Male,Crew,Belfast,1.0,0.0,0
500,62.0,Female,C3,Southampton,1.0,8.0,0
501,32.0,Female,C3,Southampton,1.0,8.0,0
502,34.0,Male,C3,Southampton,1.0,8.0,0
503,48.0,Male,C3,Southampton,1.0,8.0,0
504,28.0,Male,C1,Cherbourg,1.0,82.0,0
505,65.0,Male,C1,Cherbourg,0.0,26.0,0
506,48.0,Male,C2,Southampton,1.0,13.0,0
507,44.0,Male,C1,Queenstown,1.0,90.0,0
508,71.0,Male,C2,Southampton,0.0,10.0,0
509,55.0,Male,C1,Southampton,0.0,30.0,0
510,47.0,Male,C1,Southampton,0.0,42.0,0
511,28.0,Male,C3,Queenstown,0.0,24.0,0
512,54.0,Male,C2,Southampton,0.0,14.0,0
513,38.0,Male,C2,Southampton,1.0,26.0,0
514,34.0,Male,C3,Southampton,0.0,8.0,0
515,31.0,Male,C3,Queenstown,0.0,7.0,0
516,28.0,Male,C3,Southampton,1.0,8.0,0
517,16.0,Male,C2,Southampton,0.0,10.0,0
518,18.0,Female,C3,Queenstown,0.0,15.0,0
519,63.0,Male,C2,Queenstown,1.0,9.0,0
520,29.0,Male,C3,Southampton,1.0,7.0,0
521,17.0,Male,C3,Cherbourg,0.0,7.0,0
522,36.0,Male,C3,Southampton,1.0,8.0,0
523,20.0,Male,C3,Cherbourg,0.0,7.0,0
524,36.0,Male,C1,Cherbourg,1.0,29.0,0
525,29.0,Male,C2,Cherbourg,1.0,30.0,0
526,26.0,Male,C2,Southampton,1.0,13.0,0
527,58.0,Male,C1,Cherbourg,0.0,113.0,0
528,19.0,Male,C2,Southampton,0.0,36.0,0
529,47.0,Male,Crew,Belfast,1.0,0.0,0
530,59.0,Male,C1,Southampton,0.0,26.0,0
531,29.0,Female,C3,Southampton,0.0,7.0,0
532,28.0,Male,C3,Southampton,0.0,8.0,0
533,60.0,Male,C3,Southampton,1.0,6.0,0
534,26.0,Male,C3,Queenstown,0.0,15.0,0
535,18.0,Male,C3,Queenstown,0.0,7.0,0
536,15.0,Male,C3,Queenstown,0.0,7.0,0
537,63.0,Male,Crew,Belfast,0.0,0.0,0
538,28.0,Male,C3,Southampton,1.0,22.0,0
539,31.0,Female,C3,Southampton,0.0,7.0,0
540,20.0,Male,C3,Southampton,0.0,9.0,0
541,30.0,Female,C3,Southampton,0.0,8.0,0
542,19.0,Female,C3,Southampton,0.0,8.0,0
543,20.0,Male,C3,Southampton,1.0,8.0,0
544,36.0,Male,C1,Cherbourg,0.0,27.0,0
545,23.0,Male,C2,Southampton,0.0,10.0,0
546,45.0,Male,Crew,Belfast,0.0,0.0,0
547,1.0,Male,C3,Southampton,0.0,39.0,0
548,15.0,Male,C3,Southampton,0.0,39.0,0
549,7.0,Male,C3,Southampton,0.0,39.0,0
550,2.0,Male,C3,Southampton,0.0,39.0,0
551,16.0,Male,C3,Southampton,0.0,39.0,0
552,41.0,Female,C3,Southampton,1.0,39.0,0
553,17.0,Male,C2,Southampton,0.0,10.0,0
554,40.0,Male,C1,Southampton,1.0,28.0,0
555,18.0,Male,C3,Southampton,0.0,14.0,0
556,32.0,Male,C3,Southampton,1.0,7.0,0
557,23.0,Male,Crew,Southampton,0.0,93.0,0
558,1.0,Male,C3,Southampton,0.0,13.0,0
559,4.0,Female,C3,Southampton,0.0,13.0,0
560,26.0,Female,C3,Southampton,1.0,13.0,0
561,29.0,Male,C1,Southampton,0.0,66.0,0
562,19.0,Male,C2,Southampton,0.0,10.0,0
563,49.0,Male,Crew,Belfast,1.0,0.0,0
564,39.0,Male,Crew,Cherbourg,1.0,15.0,0
565,41.0,Male,C2,Southampton,0.0,13.0,0
566,27.0,Female,C3,Queenstown,0.0,8.0,0
567,18.0,Female,C3,Southampton,1.0,7.0,0
568,24.0,Male,C1,Cherbourg,1.0,108.0,0
569,43.0,Male,C2,Southampton,0.0,21.0,0
570,24.0,Male,C3,Southampton,1.0,8.0,0
571,46.0,Male,C1,Southampton,1.0,52.0,0
572,27.0,Male,C2,Cherbourg,0.0,15.0,0
573,16.0,Male,C3,Cherbourg,0.0,8.0,0
574,2.0,Male,C3,Southampton,0.0,21.0,0
575,6.0,Male,C3,Southampton,0.0,21.0,0
576,3.0,Female,C3,Southampton,0.0,21.0,0
577,8.0,Female,C3,Southampton,0.0,21.0,0
578,29.0,Female,C3,Southampton,1.0,21.0,0
579,21.0,Male,C3,Cherbourg,0.0,7.0,0
580,50.0,Male,Crew,Belfast,1.0,0.0,0
581,54.0,Male,Crew,Southampton,1.0,0.0,0
582,36.0,Male,C2,Southampton,0.0,10.0,0
583,38.0,Male,C3,Southampton,0.0,7.0,0
584,33.0,Male,C2,Southampton,1.0,21.0,0
585,37.0,Male,C1,Cherbourg,0.0,19.54,0
586,10.0,Male,C3,Queenstown,0.0,29.0,0
587,4.0,Male,C3,Queenstown,0.0,29.0,0
588,6.0,Male,C3,Queenstown,0.0,29.0,0
589,2.0,Male,C3,Queenstown,0.0,29.0,0
590,8.0,Male,C3,Queenstown,0.0,29.0,0
591,39.0,Female,C3,Queenstown,0.0,29.0,0
592,23.0,Male,C2,Cherbourg,0.0,15.0,0
593,28.0,Male,Crew,Cherbourg,0.0,135.0,0
594,22.0,Female,C3,Southampton,0.0,39.0,0
595,35.0,Male,C3,Southampton,1.0,7.0,0
596,69.0,Male,C3,Southampton,0.0,14.0,0
597,64.0,Female,C3,Southampton,1.0,14.0,0
598,41.0,Male,Crew,Belfast,1.0,0.0,0
599,50.0,Male,C3,Southampton,0.0,14.0,0
600,45.0,Male,Crew,Cherbourg,1.0,247.0,0
601,48.0,Female,C3,Southampton,1.0,14.0,0
602,31.0,Male,C1,Southampton,0.0,50.0,0
603,49.0,Male,C3,Southampton,1.0,7.0,0
604,39.0,Male,C1,Southampton,1.0,50.0,0
605,2.0,Female,C3,Southampton,0.0,20.0,0
606,18.0,Male,C3,Southampton,0.0,20.0,0
607,41.0,Female,C3,Southampton,1.0,20.0,0
608,45.0,Male,C1,Cherbourg,0.0,79.0,0
609,36.0,Male,C1,Southampton,0.0,40.0,0
610,46.0,Male,C1,Cherbourg,1.0,59.0,0
611,55.0,Male,C3,Southampton,1.0,8.0,0
612,59.0,Male,C1,Southampton,1.0,26.0,0
613,31.0,Male,Crew,Belfast,0.0,0.0,0
614,32.0,Male,C3,Queenstown,0.0,24.0,0
615,61.0,Male,C1,Cherbourg,0.0,262.0,0
616,12.0,Male,C3,Southampton,0.0,69.0,0
617,5.0,Male,C3,Southampton,0.0,69.0,0
618,7.0,Female,C3,Southampton,0.0,69.0,0
619,14.0,Female,C3,Southampton,0.0,69.0,0
620,10.0,Female,C3,Southampton,0.0,69.0,0
621,20.0,Female,C3,Southampton,0.0,69.0,0
622,18.0,Male,C3,Southampton,0.0,69.0,0
623,16.0,Male,C3,Southampton,0.0,69.0,0
624,19.0,Male,C3,Southampton,0.0,69.0,0
625,44.0,Male,C3,Southampton,1.0,69.0,0
626,44.0,Female,C3,Southampton,1.0,69.0,0
627,17.0,Male,C3,Cherbourg,0.0,21.0,0
628,40.0,Male,C3,Cherbourg,0.0,21.0,0
629,16.0,Male,C3,Cherbourg,0.0,21.0,0
630,22.0,Male,C2,Southampton,0.0,13.0,0
631,42.0,Male,C3,Southampton,0.0,7.0,0
632,28.0,Male,C2,Southampton,1.0,13.0,0
633,10.0,Male,C3,Cherbourg,0.0,4.0,0
634,35.0,Male,C3,Southampton,1.0,19.54,0
635,29.0,Male,C2,Southampton,0.0,26.0,0
636,25.0,Male,C3,Queenstown,0.0,7.0,0
637,55.0,Male,C3,Southampton,1.0,15.0,0
638,26.0,Male,C3,Cherbourg,0.0,7.0,0
639,51.0,Male,C1,Cherbourg,1.0,55.0,0
640,40.0,Male,C3,Southampton,0.0,8.0,0
641,40.0,Male,C3,Southampton,1.0,7.0,0
642,59.0,Male,C2,Southampton,1.0,13.0,0
643,5.0,Male,C3,Southampton,0.0,27.0,0
644,11.0,Male,C3,Southampton,0.0,27.0,0
645,9.0,Female,C3,Southampton,0.0,27.0,0
646,2.0,Female,C3,Southampton,0.0,27.0,0
647,40.0,Male,C3,Southampton,1.0,27.0,0
648,43.0,Female,C3,Southampton,1.0,27.0,0
649,35.0,Male,C2,Southampton,0.0,10.0,0
650,56.0,Male,C1,Southampton,0.0,26.0,0
651,37.0,Male,C3,Southampton,0.0,8.0,0
652,62.0,Male,Crew,Southampton,1.0,0.0,0
653,56.0,Male,C1,Cherbourg,0.0,30.0,0
654,24.0,Male,C1,Cherbourg,1.0,60.0,0
655,57.0,Male,C1,Southampton,0.0,26.0,0
656,22.0,Female,Crew,Southampton,0.0,0.0,0
657,57.0,Male,C1,Cherbourg,0.0,146.0,0
658,31.0,Male,C3,Southampton,1.0,8.0,0
659,33.0,Male,C3,Cherbourg,0.0,8.0,0
660,42.0,Male,C2,Cherbourg,1.0,15.0,0
661,62.0,Male,C1,Southampton,1.0,26.0,0
662,64.0,Male,C1,Cherbourg,1.0,27.0,0
663,24.0,Male,C2,Southampton,0.0,10.0,0
664,59.0,Male,C3,Southampton,0.0,19.54,0
665,22.0,Female,C3,Southampton,0.0,9.0,0
666,67.0,Male,C1,Southampton,0.0,221.0,0
667,63.0,Female,C1,Southampton,0.0,221.0,0
668,26.0,Male,C3,Southampton,1.0,8.0,0
669,2.0,Female,C3,Southampton,0.0,10.0,0
670,29.0,Female,C3,Southampton,1.0,10.0,0
671,61.0,Male,C1,Southampton,1.0,32.0,0
672,74.0,Male,C3,Southampton,0.0,7.0,0
673,48.0,Male,Crew,Belfast,1.0,0.0,0
674,19.0,Male,Crew,Southampton,0.0,13.0,0
675,14.0,Male,C2,Southampton,0.0,65.0,0
676,43.0,Male,C3,Southampton,1.0,7.0,0
677,30.0,Male,C3,Cherbourg,0.0,6.0,0
678,54.0,Male,C1,Southampton,1.0,79.0,0
679,49.0,Male,C1,Cherbourg,0.0,110.0,0
680,36.0,Male,C3,Southampton,1.0,16.0,0
681,29.0,Male,C3,Cherbourg,0.0,7.0,0
682,29.0,Male,C2,Southampton,1.0,21.0,0
683,26.0,Female,C2,Southampton,1.0,21.0,0
684,36.0,Male,C3,Southampton,1.0,7.0,0
685,41.0,Male,C3,Southampton,0.0,8.0,0
686,39.0,Male,C1,Cherbourg,0.0,27.0,0
687,10.0,Male,C3,Southampton,0.0,14.0,0
688,9.0,Male,C3,Southampton,0.0,14.0,0
689,35.0,Male,C3,Southampton,1.0,14.0,0
690,35.0,Male,C3,Southampton,0.0,9.0,0
691,61.0,Male,C1,Belfast,1.0,33.0,0
692,10.0,Female,C3,Southampton,0.0,24.0,0
693,36.0,Male,C3,Southampton,0.0,24.0,0
694,30.0,Female,C3,Southampton,1.0,24.0,0
695,23.0,Male,C3,Southampton,0.0,9.0,0
696,46.0,Male,C3,Southampton,0.0,9.0,0
697,18.0,Female,C3,Southampton,0.0,18.0,0
698,31.0,Male,C3,Southampton,0.0,18.0,0
699,15.0,Male,C3,Southampton,0.0,18.0,0
700,31.0,Female,C3,Southampton,1.0,18.0,0
701,14.0,Female,C3,Southampton,0.0,7.0,0
702,26.0,Male,C3,Southampton,1.0,7.0,0
703,48.0,Male,C1,Southampton,0.0,34.0,0
704,36.0,Female,Crew,Southampton,0.0,0.0,0
705,48.0,Male,Crew,Belfast,0.0,0.0,0
706,42.0,Female,Crew,Southampton,1.0,0.0,0
707,35.0,Male,C3,Southampton,1.0,8.0,0
708,46.0,Male,C2,Southampton,1.0,21.0,0
709,31.0,Male,C3,Southampton,1.0,7.0,0
710,63.0,Male,C1,Cherbourg,1.0,75.0,0
711,23.0,Male,C3,Cherbourg,0.0,7.0,0
712,66.0,Male,C3,Southampton,0.0,8.0,0
713,61.0,Male,C1,Southampton,0.0,26.0,0
714,36.0,Male,C2,Southampton,1.0,27.0,0
715,65.0,Male,C2,Southampton,0.0,10.0,0
716,26.0,Male,Crew,Southampton,0.0,12.0,0
717,54.0,Male,C1,Southampton,1.0,77.0,0
718,21.0,Male,C1,Southampton,0.0,77.0,0
719,57.0,Male,C1,Southampton,0.0,164.0,0
720,51.0,Male,C3,Southampton,1.0,7.0,0
721,50.0,Male,C1,Southampton,0.0,211.0,0
722,27.0,Male,C1,Southampton,0.0,211.0,0
723,17.0,Male,C3,Southampton,0.0,6.0,0
724,18.0,Male,C3,Southampton,0.0,6.0,0
725,37.0,Male,C3,Cherbourg,1.0,8.0,0
726,51.0,Male,C1,Cherbourg,0.0,61.0,0
727,43.0,Male,C1,Southampton,1.0,35.0,0
728,24.0,Male,C3,Southampton,1.0,16.0,0
729,53.0,Male,Crew,Southampton,1.0,0.0,0
730,53.0,Male,C3,Southampton,0.0,7.0,0
731,36.0,Male,C3,Southampton,0.0,9.0,0
732,62.0,Male,C1,Southampton,0.0,26.0,0
733,27.0,Male,C3,Cherbourg,0.0,14.0,0
734,22.0,Female,C2,Southampton,0.0,13.0,0
735,64.0,Male,C1,Southampton,0.0,61.0,0
736,21.0,Female,C3,Southampton,0.0,8.0,0
737,36.0,Female,C3,Southampton,0.0,8.0,0
738,18.0,Male,C3,Southampton,0.0,8.0,0
739,38.0,Male,C3,Southampton,1.0,8.0,0
740,19.0,Male,C3,Southampton,1.0,7.0,0
741,34.0,Male,C3,Cherbourg,0.0,6.0,0
742,16.0,Male,C3,Cherbourg,0.0,7.0,0
743,39.0,Female,C3,Southampton,0.0,20.0,1
744,16.0,Female,C3,Southampton,0.0,7.0,1
745,25.0,Male,C3,Southampton,0.0,7.0,1
746,28.0,Female,C2,Cherbourg,0.0,24.0,1
747,19.0,Male,C3,Southampton,0.0,7.0,1
748,38.0,Female,C3,Cherbourg,0.0,7.0,1
749,27.0,Male,C3,Cherbourg,1.0,18.0,1
750,1.0,Male,C3,Southampton,0.0,9.0,1
751,21.0,Female,C3,Southampton,0.0,9.0,1
752,2.0,Female,C3,Cherbourg,0.0,19.0,1
753,5.0,Female,C3,Cherbourg,0.0,19.0,1
754,3.0,Female,C3,Cherbourg,0.0,19.0,1
755,23.0,Female,C3,Cherbourg,0.0,19.0,1
756,25.0,Male,C3,Cherbourg,1.0,7.0,1
757,29.0,Female,C1,Southampton,0.0,211.0,1
758,24.0,Male,Crew,Southampton,0.0,0.0,1
759,1.0,Male,C1,Southampton,0.0,151.0,1
760,19.0,Female,C3,Southampton,0.0,7.0,1
761,42.0,Male,C1,Southampton,1.0,26.0,1
762,42.0,Male,Crew,Southampton,0.0,0.0,1
763,62.0,Female,C1,Cherbourg,0.0,77.0,1
764,19.0,Male,Crew,Southampton,0.0,0.0,1
765,36.0,Female,C2,Southampton,1.0,26.0,1
766,53.0,Female,C1,Southampton,1.0,51.0,1
767,35.0,Male,Crew,Southampton,1.0,0.0,1
768,3.0,Male,C3,Southampton,0.0,31.0,1
769,5.0,Female,C3,Southampton,0.0,31.0,1
770,23.0,Male,C3,Southampton,0.0,7.0,1
771,38.0,Female,C3,Southampton,1.0,31.0,1
772,18.0,Female,C1,Cherbourg,1.0,247.0,1
773,24.0,Female,C1,Cherbourg,0.0,69.0,1
774,20.0,Male,Crew,Southampton,0.0,0.0,1
775,15.0,Female,C3,Cherbourg,0.0,7.0,1
776,33.0,Female,C3,Southampton,0.0,15.0,1
777,18.0,Female,C3,Southampton,0.0,8.0,1
778,28.0,Male,Crew,Southampton,1.0,0.0,1
779,46.0,Male,Crew,Southampton,1.0,0.0,1
780,18.0,Male,Crew,Southampton,0.0,0.0,1
781,36.0,Female,C2,Southampton,0.0,13.0,1
782,26.0,Female,Crew,Southampton,0.0,78.0,1
783,47.0,Male,C1,Southampton,0.0,30.0,1
784,29.0,Male,Crew,Southampton,0.0,0.0,1
785,31.0,Female,Crew,Cherbourg,0.0,76.0,1
786,50.0,Female,C1,Cherbourg,0.0,247.0,1
787,32.0,Male,C2,Southampton,1.0,26.0,1
788,22.0,Female,C2,Southampton,0.0,26.0,1
789,1.0,Male,C2,Southampton,0.0,39.0,1
790,4.0,Female,C2,Southampton,0.0,39.0,1
791,12.0,Female,C2,Southampton,0.0,39.0,1
792,35.0,Female,C2,Southampton,0.0,39.0,1
793,37.0,Male,C1,Southampton,0.0,52.0,1
794,46.0,Female,C1,Southampton,1.0,52.0,1
795,34.0,Male,C2,Southampton,0.0,13.0,1
796,26.0,Male,C1,Cherbourg,0.0,30.0,1
797,33.0,Female,Crew,Southampton,1.0,0.0,1
798,19.0,Female,C2,Southampton,0.0,13.0,1
799,39.0,Female,Crew,Cherbourg,0.0,63.0,1
800,46.0,Female,Crew,Cherbourg,0.0,247.0,1
801,32.0,Male,C3,Southampton,1.0,56.0,1
802,31.0,Female,Crew,Southampton,0.0,221.0,1
803,25.0,Male,C1,Cherbourg,1.0,91.0,1
804,19.0,Female,C1,Cherbourg,1.0,91.0,1
805,28.0,Male,C1,Southampton,0.0,26.0,1
806,22.0,Male,Crew,Southampton,0.0,0.0,1
807,39.0,Male,C1,Cherbourg,1.0,31.0,1
808,45.0,Female,Crew,Southampton,1.0,0.0,1
809,30.0,Female,C1,Southampton,0.0,164.0,1
810,61.0,Female,C1,Southampton,0.0,26.0,1
811,45.0,Female,Crew,Cherbourg,0.0,262.0,1
812,22.0,Female,C1,Southampton,0.0,55.0,1
813,31.0,Female,Crew,Southampton,0.0,0.0,1
814,28.0,Male,Crew,Belfast,1.0,0.0,1
815,22.0,Female,C3,Queenstown,0.0,7.0,1
816,37.0,Male,C1,Southampton,0.0,26.0,1
817,42.0,Male,Crew,Southampton,1.0,0.0,1
818,22.0,Male,Crew,Belfast,0.0,0.0,1
819,42.0,Male,Crew,Belfast,1.0,0.0,1
820,18.0,Female,Crew,Southampton,0.0,13.0,1
821,15.0,Female,C2,Southampton,0.0,39.0,1
822,34.0,Male,Crew,Belfast,0.0,0.0,1
823,59.0,Female,C1,Southampton,0.0,51.0,1
824,39.0,Female,C2,Southampton,1.0,39.0,1
825,44.0,Female,C1,Cherbourg,1.0,27.0,1
826,20.0,Female,C2,Southampton,0.0,26.0,1
827,21.0,Male,C3,Queenstown,0.0,7.0,1
828,58.0,Female,C1,Cherbourg,0.0,76.0,1
829,26.0,Male,Crew,Southampton,0.0,0.0,1
830,39.0,Male,Crew,Belfast,0.0,0.0,1
831,41.0,Female,Crew,Cherbourg,0.0,134.0,1
832,39.0,Female,C2,Southampton,1.0,13.0,1
833,1.0,Male,C2,Southampton,0.0,29.0,1
834,26.0,Male,C2,Southampton,0.0,29.0,1
835,28.0,Female,C2,Southampton,1.0,29.0,1
836,35.0,Female,C2,Southampton,0.0,21.0,1
837,52.0,Female,C1,Cherbourg,1.0,27.0,1
838,36.0,Male,C1,Cherbourg,1.0,512.0,1
839,58.0,Female,C1,Cherbourg,1.0,512.0,1
840,11.0,Male,C1,Southampton,0.0,120.0,1
841,14.0,Female,C1,Southampton,0.0,120.0,1
842,36.0,Male,C1,Southampton,1.0,120.0,1
843,36.0,Female,C1,Southampton,1.0,120.0,1
844,36.0,Female,C1,Cherbourg,0.0,27.0,1
845,33.0,Female,Crew,Southampton,0.0,0.0,1
846,25.0,Female,C1,Southampton,1.0,78.0,1
847,47.0,Female,C1,Southampton,1.0,61.0,1
848,27.0,Male,C1,Southampton,0.0,53.0,1
849,32.0,Female,C1,Southampton,1.0,53.0,1
850,32.0,Male,Crew,Southampton,1.0,0.0,1
851,36.0,Female,Crew,Cherbourg,0.0,262.0,1
852,30.0,Female,C1,Southampton,0.0,86.0,1
853,45.0,Male,C1,Cherbourg,0.0,29.0,1
854,48.0,Female,C1,Southampton,1.0,55.0,1
855,32.0,Male,C3,Southampton,0.0,56.0,1
856,25.0,Female,C2,Southampton,0.0,30.0,1
857,52.0,Female,C2,Southampton,1.0,30.0,1
858,40.0,Male,Crew,Southampton,0.0,0.0,1
859,26.0,Female,C1,Cherbourg,1.0,136.0,1
860,28.0,Female,C2,Southampton,1.0,26.0,1
861,22.0,Female,Crew,Southampton,0.0,151.0,1
862,33.0,Male,Crew,Southampton,0.0,0.0,1
863,19.0,Male,C3,Southampton,0.0,8.0,1
864,25.0,Male,C2,Southampton,0.0,10.0,1
865,17.0,Male,Crew,Southampton,0.0,0.0,1
866,38.0,Male,Crew,Southampton,0.0,0.0,1
867,8.0,Female,C2,Southampton,0.0,26.0,1
868,30.0,Female,C2,Southampton,1.0,26.0,1
869,34.0,Male,Crew,Southampton,1.0,0.0,1
870,39.0,Female,C1,Cherbourg,0.0,83.0,1
871,64.0,Female,C1,Cherbourg,0.0,83.0,1
872,23.0,Female,C3,Queenstown,0.0,7.0,1
873,22.0,Female,C2,Southampton,1.0,10.0,1
874,55.0,Female,C1,Southampton,0.0,25.0,1
875,16.0,Female,C3,Queenstown,0.0,7.0,1
876,30.0,Male,Crew,Southampton,1.0,0.0,1
877,3.0,Male,C3,Southampton,0.0,15.0,1
878,9.0,Male,C3,Southampton,0.0,15.0,1
879,36.0,Female,C3,Southampton,1.0,15.0,1
880,43.0,Male,Crew,Belfast,1.0,0.0,1
881,16.0,Female,C3,Southampton,0.0,16.0,1
882,21.0,Male,Crew,Southampton,0.0,0.0,1
883,39.0,Female,C1,Southampton,0.0,26.0,1
884,64.0,Female,C1,Southampton,1.0,71.0,1
885,26.0,Male,Crew,Southampton,1.0,0.0,1
886,49.0,Male,Crew,Belfast,1.0,0.0,1
887,35.0,Female,C1,Cherbourg,1.0,71.0,1
888,38.0,Male,Crew,Belfast,0.0,0.0,1
889,45.0,Male,C3,Southampton,0.0,8.0,1
890,33.0,Female,C3,Queenstown,0.0,6.0,1
891,29.0,Male,C3,Queenstown,0.0,7.0,1
892,51.0,Male,C1,Southampton,1.0,26.0,1
893,27.0,Male,C1,Southampton,0.0,30.0,1
894,36.0,Female,Crew,Southampton,0.0,151.0,1
895,27.0,Female,C1,Cherbourg,1.0,52.0,1
896,8.0,Male,C2,Southampton,0.0,36.0,1
897,48.0,Female,C2,Southampton,0.0,36.0,1
898,28.0,Female,C2,Southampton,0.0,13.0,1
899,34.0,Female,C3,Southampton,1.0,16.0,1
900,36.0,Male,C3,Southampton,1.0,17.0,1
901,36.0,Female,C3,Southampton,1.0,17.0,1
902,30.0,Male,C3,Southampton,0.0,9.0,1
903,1.0,Male,C3,Southampton,0.0,20.0,1
904,1.0,Female,C3,Southampton,0.0,20.0,1
905,32.0,Female,C3,Southampton,1.0,20.0,1
906,24.0,Female,C2,Cherbourg,1.0,27.0,1
907,20.0,Female,C3,Queenstown,0.0,7.0,1
908,27.0,Male,Crew,Southampton,0.0,0.0,1
909,31.0,Male,C1,Southampton,1.0,57.0,1
910,17.0,Female,C1,Southampton,1.0,57.0,1
911,52.0,Male,C1,Southampton,1.0,81.0,1
912,4.0,Male,C1,Southampton,0.0,81.0,1
913,38.0,Female,C1,Southampton,1.0,81.0,1
914,18.0,Female,C2,Southampton,0.0,23.0,1
915,34.0,Female,C2,Southampton,1.0,23.0,1
916,18.0,Male,C3,Southampton,0.0,8.0,1
917,48.0,Female,C1,Cherbourg,1.0,106.0,1
918,27.0,Female,C1,Cherbourg,1.0,247.0,1
919,31.0,Female,C3,Southampton,0.0,12.0,1
920,8.0,Male,C2,Southampton,0.0,32.0,1
921,34.0,Female,C2,Southampton,1.0,32.0,1
922,27.0,Female,C3,Queenstown,0.0,7.0,1
923,24.0,Female,C3,Southampton,0.0,8.0,1
924,48.0,Female,C1,Cherbourg,0.0,56.0,1
925,49.0,Male,C1,Cherbourg,0.0,39.0,1
926,24.0,Male,C3,Southampton,0.0,7.0,1
927,27.0,Female,C2,Cherbourg,0.0,13.0,1
928,30.0,Female,C2,Cherbourg,0.0,13.0,1
929,22.0,Female,C3,Southampton,1.0,13.0,1
930,36.0,Male,Crew,Southampton,1.0,0.0,1
931,23.0,Female,C1,Cherbourg,0.0,83.0,1
932,6.0,Female,C3,Southampton,0.0,12.0,1
933,39.0,Female,Crew,Cherbourg,0.0,247.0,1
934,54.0,Female,C1,Cherbourg,0.0,78.0,1
935,25.0,Male,Crew,Southampton,0.0,0.0,1
936,37.0,Male,Crew,Belfast,1.0,0.0,1
937,41.0,Male,C3,Southampton,1.0,7.0,1
938,52.0,Male,Crew,Southampton,0.0,0.0,1
939,24.0,Male,Crew,Belfast,0.0,0.0,1
940,48.0,Female,C1,Cherbourg,0.0,31.0,1
941,42.0,Female,Crew,Cherbourg,0.0,110.0,1
942,36.0,Male,C1,Southampton,1.0,26.0,1
943,46.0,Male,Crew,Belfast,1.0,0.0,1
944,24.0,Female,C1,Southampton,0.0,263.0,1
945,28.0,Female,C1,Southampton,0.0,263.0,1
946,23.0,Female,C1,Southampton,0.0,263.0,1
947,60.0,Female,C1,Southampton,1.0,263.0,1
948,31.0,Female,Crew,Cherbourg,0.0,56.0,1
949,49.0,Male,C1,Southampton,1.0,133.0,1
950,43.0,Male,C1,Cherbourg,0.0,27.0,1
951,42.0,Female,C1,Southampton,1.0,133.0,1
952,29.0,Male,Crew,Southampton,1.0,0.0,1
953,22.0,Female,C1,Cherbourg,0.0,49.0,1
954,60.0,Male,C1,Cherbourg,0.0,79.0,1
955,48.0,Female,C1,Cherbourg,1.0,79.0,1
956,35.0,Female,C1,Southampton,0.0,53.0,1
957,39.0,Female,C2,Southampton,0.0,13.0,1
958,22.0,Female,C1,Cherbourg,0.0,59.0,1
959,45.0,Female,C1,Cherbourg,1.0,59.0,1
960,35.0,Female,Crew,Southampton,0.0,211.0,1
961,17.0,Female,C3,Queenstown,0.0,7.0,1
962,18.0,Female,C3,Queenstown,0.0,7.0,1
963,47.0,Male,C1,Cherbourg,1.0,89.0,1
964,46.0,Female,C1,Cherbourg,1.0,89.0,1
965,9.0,Male,C3,Southampton,0.0,20.0,1
966,31.0,Female,C3,Southampton,1.0,20.0,1
967,53.0,Male,C1,Southampton,0.0,28.0,1
968,19.0,Female,C1,Southampton,0.0,153.0,1
969,28.0,Male,Crew,Belfast,0.0,0.0,1
970,58.0,Female,C1,Southampton,1.0,153.0,1
971,23.0,Male,C1,Cherbourg,0.0,63.0,1
972,45.0,Female,C1,Cherbourg,0.0,63.0,1
973,45.0,Female,Crew,Southampton,0.0,0.0,1
974,35.0,Male,Crew,Belfast,0.0,0.0,1
975,31.0,Male,Crew,Belfast,0.0,0.0,1
976,24.0,Female,C3,Southampton,1.0,15.0,1
977,45.0,Female,C3,Southampton,1.0,14.0,1
978,25.0,Male,C1,Cherbourg,1.0,55.0,1
979,39.0,Male,Crew,Southampton,1.0,0.0,1
980,21.0,Female,C1,Cherbourg,1.0,55.0,1
981,40.0,Male,Crew,Belfast,1.0,0.0,1
982,6.0,Female,C2,Southampton,0.0,33.0,1
983,48.0,Male,C1,Cherbourg,0.0,76.0,1
984,49.0,Female,C1,Cherbourg,1.0,76.0,1
985,39.0,Male,Crew,Southampton,0.0,0.0,1
986,62.0,Male,C2,Southampton,0.0,10.0,1
987,35.0,Female,C1,Southampton,1.0,83.0,1
988,40.0,Male,Crew,Southampton,1.0,0.0,1
989,7.0,Female,C2,Southampton,0.0,26.0,1
990,31.0,Male,Crew,Southampton,0.0,0.0,1
991,48.0,Female,C2,Southampton,1.0,26.0,1
992,27.0,Male,Crew,Cherbourg,1.0,76.0,1
993,45.0,Male,C1,Southampton,0.0,30.0,1
994,24.0,Female,C1,Cherbourg,0.0,83.0,1
995,52.0,Female,C1,Southampton,1.0,93.0,1
996,33.0,Female,C3,Queenstown,0.0,7.0,1
997,27.0,Male,C3,Southampton,0.0,6.0,1
998,24.0,Male,C3,Southampton,0.0,56.0,1
999,22.0,Female,C3,Southampton,0.0,8.0,1
1000,24.0,Female,C2,Southampton,0.0,65.0,1
1001,50.0,Female,C2,Southampton,1.0,65.0,1
1002,56.0,Female,C2,Southampton,0.0,16.0,1
1003,17.0,Female,C1,Cherbourg,0.0,57.0,1
1004,44.0,Female,C1,Cherbourg,1.0,57.0,1
1005,2.0,Female,C3,Southampton,0.0,12.0,1
1006,22.0,Female,C3,Southampton,1.0,12.0,1
1007,20.0,Female,C2,Southampton,0.0,23.0,1
1008,54.0,Female,C2,Southampton,0.0,23.0,1
1009,51.0,Female,C1,Cherbourg,0.0,77.0,1
1010,29.0,Male,Crew,Belfast,1.0,0.0,1
1011,29.0,Female,C2,Southampton,1.0,26.0,1
1012,35.0,Female,C1,Southampton,1.0,52.0,1
1013,40.0,Male,C1,Southampton,0.0,26.0,1
1014,28.0,Female,C3,Southampton,0.0,7.0,1
1015,43.0,Male,Crew,Belfast,0.0,0.0,1
1016,41.0,Male,C2,Southampton,0.0,13.0,1
1017,26.0,Female,C3,Southampton,0.0,8.0,1
1018,38.0,Male,C1,Southampton,1.0,100.0,1
1019,33.0,Female,C1,Southampton,1.0,100.0,1
1020,52.0,Male,Crew,Southampton,1.0,0.0,1
1021,23.0,Male,Crew,Southampton,1.0,0.0,1
1022,31.0,Male,C3,Southampton,0.0,7.0,1
1023,1.0,Male,C2,Southampton,0.0,14.0,1
1024,23.0,Female,C2,Southampton,1.0,14.0,1
1025,18.0,Female,C3,Cherbourg,0.0,7.0,1
1026,39.0,Female,Crew,Southampton,0.0,80.0,1
1027,17.0,Female,C2,Southampton,0.0,10.0,1
1028,49.0,Male,C1,Southampton,1.0,19.54,1
1029,24.0,Female,C2,Southampton,1.0,27.0,1
1030,30.0,Male,C3,Cherbourg,0.0,7.0,1
1031,21.0,Male,C3,Southampton,0.0,7.0,1
1032,26.0,Female,C3,Queenstown,0.0,7.0,1
1033,23.0,Female,C2,Cherbourg,1.0,13.0,1
1034,24.0,Female,Crew,Southampton,0.0,0.0,1
1035,23.0,Male,Crew,Belfast,1.0,0.0,1
1036,29.0,Male,C3,Southampton,1.0,8.0,1
1037,32.0,Male,C3,Southampton,1.0,7.0,1
1038,4.0,Male,C3,Southampton,0.0,11.0,1
1039,1.0,Female,C3,Southampton,0.0,11.0,1
1040,27.0,Female,C3,Southampton,1.0,11.0,1
1041,52.0,Male,Crew,Belfast,1.0,0.0,1
1042,34.0,Male,Crew,Southampton,0.0,0.0,1
1043,33.0,Male,Crew,Belfast,1.0,0.0,1
1044,31.0,Male,Crew,Southampton,1.0,0.0,1
1045,24.0,Female,C2,Southampton,1.0,26.0,1
1046,5.0,Female,C3,Cherbourg,0.0,13.0,1
1047,39.0,Male,C3,Cherbourg,0.0,13.0,1
1048,46.0,Female,C2,Queenstown,0.0,12.0,1
1049,48.0,Female,C2,Southampton,0.0,13.0,1
1050,24.0,Male,C3,Queenstown,0.0,7.0,1
1051,40.0,Female,C1,Southampton,1.0,51.0,1
1052,42.0,Male,C1,Southampton,1.0,52.0,1
1053,45.0,Female,C1,Southampton,1.0,52.0,1
1054,29.0,Male,C3,Southampton,0.0,22.0,1
1055,4.0,Female,C3,Southampton,0.0,22.0,1
1056,26.0,Female,C3,Southampton,1.0,22.0,1
1057,44.0,Male,Crew,Southampton,1.0,0.0,1
1058,25.0,Male,C3,Cherbourg,0.0,7.0,1
1059,29.0,Female,Crew,Southampton,0.0,211.0,1
1060,38.0,Male,C3,Southampton,0.0,56.0,1
1061,22.0,Female,C3,Southampton,0.0,7.0,1
1062,1.0,Female,C2,Cherbourg,0.0,41.0,1
1063,3.0,Female,C2,Cherbourg,0.0,41.0,1
1064,22.0,Female,C2,Cherbourg,1.0,41.0,1
1065,40.0,Female,Crew,Southampton,0.0,0.0,1
1066,49.0,Female,C1,Southampton,0.0,25.0,1
1067,50.0,Female,Crew,Southampton,1.0,0.0,1
1068,41.0,Male,Crew,Southampton,1.0,0.0,1
1069,17.0,Female,C2,Cherbourg,0.0,12.0,1
1070,31.0,Female,C2,Southampton,0.0,33.0,1
1071,39.0,Female,C2,Southampton,1.0,10.0,1
1072,27.0,Female,Crew,Cherbourg,0.0,106.0,1
1073,35.0,Male,Crew,Cherbourg,0.0,512.0,1
1074,27.0,Male,Crew,Southampton,1.0,0.0,1
1075,38.0,Male,Crew,Belfast,1.0,0.0,1
1076,20.0,Male,C3,Southampton,0.0,7.0,1
1077,55.0,Female,C1,Cherbourg,1.0,27.0,1
1078,16.0,Female,C1,Cherbourg,0.0,39.0,1
1079,50.0,Female,C1,Cherbourg,1.0,39.0,1
1080,40.0,Male,Crew,Belfast,0.0,0.0,1
1081,21.0,Female,C1,Cherbourg,0.0,77.0,1
1082,42.0,Female,C2,Southampton,1.0,26.0,1
1083,29.0,Male,Crew,Belfast,0.0,0.0,1
1084,29.0,Male,C3,Southampton,0.0,8.0,1
1085,23.0,Female,C3,Southampton,0.0,7.0,1
1086,32.0,Male,C3,Southampton,0.0,7.0,1
1087,59.0,Female,Crew,Cherbourg,0.0,146.0,1
1088,21.0,Female,C3,Queenstown,0.0,7.0,1
1089,16.0,Female,C1,Southampton,0.0,211.0,1
1090,20.0,Female,Crew,Southampton,0.0,86.0,1
1091,1.0,Male,C2,Cherbourg,0.0,37.0,1
1092,24.0,Female,C2,Cherbourg,1.0,37.0,1
1093,28.0,Female,C3,Queenstown,0.0,7.0,1
1094,28.0,Female,Crew,Southampton,0.0,0.0,1
1095,20.0,Female,Crew,Southampton,0.0,0.0,1
1096,39.0,Female,Crew,Southampton,1.0,0.0,1
1097,18.0,Female,C1,Southampton,1.0,53.0,1
1098,29.0,Male,C1,Cherbourg,0.0,29.0,1
1099,31.0,Male,Crew,Belfast,1.0,0.0,1
1100,24.0,Female,C1,Cherbourg,0.0,49.0,1
1101,25.0,Male,Crew,Southampton,1.0,0.0,1
1102,24.0,Female,C3,Queenstown,0.0,7.0,1
1103,48.0,Male,Crew,Southampton,0.0,0.0,1
1104,19.0,Male,C3,Queenstown,0.0,7.0,1
1105,29.0,Female,C3,Queenstown,0.0,23.0,1
1106,26.0,Female,C3,Queenstown,0.0,23.0,1
1107,24.0,Male,C3,Queenstown,0.0,23.0,1
1108,31.0,Female,C3,Queenstown,0.0,7.0,1
1109,35.0,Male,C1,Southampton,1.0,26.0,1
1110,17.0,Female,C3,Queenstown,0.0,8.0,1
1111,30.0,Male,Crew,Belfast,1.0,0.0,1
1112,42.0,Female,Crew,Southampton,1.0,0.0,1
1113,26.0,Male,Crew,Belfast,0.0,0.0,1
1114,13.0,Female,C2,Southampton,0.0,19.0,1
1115,42.0,Female,C2,Southampton,1.0,19.0,1
1116,19.0,Male,C2,Southampton,0.0,10.0,1
1117,25.0,Female,C1,Cherbourg,1.0,82.0,1
1118,51.0,Male,Crew,Southampton,1.0,0.0,1
1119,33.0,Female,C1,Queenstown,0.0,90.0,1
1120,37.0,Female,C1,Queenstown,1.0,90.0,1
1121,30.0,Male,C1,Cherbourg,0.0,57.0,1
1122,7.0,Male,C3,Southampton,0.0,12.0,1
1123,29.0,Female,C3,Southampton,0.0,12.0,1
1124,28.0,Female,C3,Queenstown,0.0,24.0,1
1125,29.0,Male,C3,Southampton,0.0,7.0,1
1126,35.0,Female,C3,Cherbourg,0.0,7.0,1
1127,4.0,Male,C3,Cherbourg,0.0,15.0,1
1128,7.0,Male,C3,Cherbourg,0.0,15.0,1
1129,25.0,Female,C3,Cherbourg,1.0,15.0,1
1130,25.0,Female,C3,Queenstown,0.0,7.0,1
1131,18.0,Female,C3,Queenstown,0.0,15.0,1
1132,25.0,Female,C3,Queenstown,0.0,15.0,1
1133,31.0,Female,C3,Queenstown,0.0,15.0,1
1134,22.0,Female,C3,Cherbourg,0.0,7.0,1
1135,20.0,Male,C3,Cherbourg,0.0,7.0,1
1136,1.0,Female,C3,Cherbourg,0.0,15.0,1
1137,20.0,Male,C3,Cherbourg,1.0,15.0,1
1138,19.0,Female,C3,Cherbourg,1.0,15.0,1
1139,2.0,Male,C2,Southampton,0.0,26.0,1
1140,3.0,Male,C2,Southampton,0.0,26.0,1
1141,17.0,Female,C2,Cherbourg,1.0,30.0,1
1142,45.0,Female,C3,Cherbourg,0.0,7.0,1
1143,31.0,Female,C1,Cherbourg,0.0,113.0,1
1144,23.0,Female,C1,Cherbourg,0.0,113.0,1
1145,19.0,Female,C1,Southampton,0.0,26.0,1
1146,18.0,Female,C3,Southampton,0.0,7.0,1
1147,26.0,Female,C3,Southampton,0.0,7.0,1
1148,1.0,Male,C3,Southampton,1.0,7.0,1
1149,20.0,Male,C1,Cherbourg,0.0,13.0,1
1150,29.0,Female,C2,Southampton,0.0,10.0,1
1151,11.0,Male,C3,Cherbourg,0.0,11.0,1
1152,14.0,Female,C3,Cherbourg,0.0,11.0,1
1153,27.0,Female,C3,Queenstown,1.0,15.0,1
1154,39.0,Female,Crew,Cherbourg,0.0,108.0,1
1155,27.0,Male,Crew,Belfast,0.0,0.0,1
1156,9.0,Male,C3,Southampton,0.0,3.0,1
1157,29.0,Male,C1,Cherbourg,0.0,25.0,1
1158,31.0,Female,C3,Southampton,1.0,8.0,1
1159,22.0,Male,C2,Southampton,0.0,10.0,1
1160,26.0,Male,C2,Cherbourg,0.0,13.0,1
1161,29.0,Male,C2,Cherbourg,0.0,13.0,1
1162,26.0,Male,C3,Southampton,0.0,7.0,1
1163,59.0,Female,C2,Southampton,0.0,26.0,1
1164,45.0,Male,Crew,Southampton,0.0,0.0,1
1165,22.0,Female,C1,Southampton,1.0,66.0,1
1166,33.0,Female,Crew,Southampton,0.0,93.0,1
1167,52.0,Male,C1,Southampton,1.0,30.0,1
1168,22.0,Female,C1,Cherbourg,1.0,108.0,1
1169,30.0,Male,Crew,Southampton,0.0,0.0,1
1170,23.0,Male,Crew,Belfast,0.0,0.0,1
1171,21.0,Female,C2,Southampton,0.0,21.0,1
1172,19.0,Female,C2,Southampton,0.0,26.0,1
1173,33.0,Male,C3,Southampton,0.0,8.0,1
1174,32.0,Female,C2,Southampton,0.0,13.0,1
1175,34.0,Male,Crew,Belfast,1.0,0.0,1
1176,30.0,Male,C2,Cherbourg,0.0,12.0,1
1177,56.0,Female,C1,Cherbourg,0.0,83.0,1
1178,23.0,Male,Crew,Southampton,0.0,0.0,1
1179,36.0,Female,Crew,Southampton,1.0,0.0,1
1180,22.0,Male,Crew,Southampton,1.0,0.0,1
1181,2.0,Female,C2,Southampton,0.0,26.0,1
1182,33.0,Female,C2,Southampton,0.0,26.0,1
1183,32.0,Male,Crew,Belfast,1.0,0.0,1
1184,30.0,Female,C2,Southampton,1.0,21.0,1
1185,29.0,Female,C2,Southampton,0.0,13.0,1
1186,33.0,Male,C1,Cherbourg,1.0,39.0,1
1187,32.0,Male,Crew,Southampton,0.0,0.0,1
1188,1.0,Male,C2,Southampton,0.0,18.0,1
1189,3.0,Male,C2,Southampton,0.0,18.0,1
1190,24.0,Female,C2,Southampton,0.0,18.0,1
1191,58.0,Female,C2,Southampton,0.0,10.0,1
1192,43.0,Female,C1,Southampton,0.0,211.0,1
1193,41.0,Female,Crew,Southampton,1.0,0.0,1
1194,47.0,Female,Crew,Southampton,1.0,0.0,1
1195,45.0,Male,C1,Southampton,1.0,26.0,1
1196,32.0,Female,C1,Cherbourg,0.0,27.0,1
1197,38.0,Male,Crew,Southampton,1.0,0.0,1
1198,33.0,Female,C1,Southampton,0.0,86.0,1
1199,54.0,Female,C1,Cherbourg,0.0,59.0,1
1200,22.0,Female,C2,Southampton,0.0,10.0,1
1201,58.0,Male,Crew,Belfast,0.0,0.0,1
1202,13.0,Male,C1,Cherbourg,0.0,262.0,1
1203,18.0,Female,C1,Cherbourg,0.0,262.0,1
1204,21.0,Female,C1,Cherbourg,0.0,262.0,1
1205,33.0,Male,Crew,Southampton,1.0,0.0,1
1206,48.0,Female,C1,Cherbourg,1.0,262.0,1
1207,47.0,Male,C1,Southampton,1.0,30.0,1
1208,21.0,Female,C3,Southampton,0.0,7.0,1
1209,43.0,Male,C1,Southampton,0.0,26.0,1
1210,1.0,Female,C3,Southampton,0.0,16.0,1
1211,4.0,Female,C3,Southampton,0.0,16.0,1
1212,24.0,Female,C3,Southampton,0.0,16.0,1
1213,21.0,Male,C3,Southampton,0.0,9.0,1
1214,35.0,Female,C1,Cherbourg,0.0,57.0,1
1215,29.0,Male,C3,Southampton,0.0,9.0,1
1216,30.0,Female,Crew,Southampton,0.0,31.0,1
1217,34.0,Male,C1,Southampton,1.0,26.0,1
1218,28.0,Male,Crew,Southampton,0.0,0.0,1
1219,40.0,Female,Crew,Southampton,0.0,153.0,1
1220,39.0,Female,C1,Cherbourg,1.0,55.0,1
1221,17.0,Female,C2,Southampton,0.0,13.0,1
1222,56.0,Male,C1,Southampton,0.0,35.0,1
1223,20.0,Female,C2,Southampton,0.0,36.0,1
1224,30.0,Female,C2,Southampton,0.0,13.0,1
1225,18.0,Female,C3,Southampton,0.0,6.0,1
1226,30.0,Female,C2,Queenstown,0.0,12.0,1
1227,30.0,Female,Crew,Southampton,1.0,0.0,1
1228,28.0,Male,C1,Southampton,0.0,35.0,1
1229,44.0,Female,Crew,Southampton,0.0,0.0,1
1230,49.0,Female,C2,Southampton,0.0,13.0,1
1231,18.0,Female,C1,Cherbourg,1.0,60.0,1
1232,24.0,Male,C1,Southampton,1.0,82.0,1
1233,23.0,Female,C1,Southampton,1.0,82.0,1
1234,6.0,Male,C1,Cherbourg,0.0,134.0,1
1235,45.0,Male,C1,Cherbourg,1.0,134.0,1
1236,39.0,Female,C1,Cherbourg,0.0,134.0,1
1237,48.0,Female,C1,Cherbourg,0.0,146.0,1
1238,24.0,Female,C3,Southampton,0.0,7.0,1
1239,47.0,Female,Crew,Southampton,0.0,0.0,1
1240,54.0,Male,C1,Cherbourg,0.0,55.0,1
1241,43.0,Female,C1,Cherbourg,0.0,55.0,1
1242,52.0,Female,C1,Cherbourg,0.0,78.0,1
1243,61.0,Female,C1,Southampton,0.0,80.0,1
1244,30.0,Male,C3,Southampton,0.0,7.0,1
1245,32.0,Male,C1,Southampton,0.0,30.0,1
1246,20.0,Male,C3,Southampton,0.0,8.0,1
1247,45.0,Male,C3,Southampton,1.0,7.0,1
1248,14.0,Male,C3,Southampton,0.0,9.0,1
1249,46.0,Female,C1,Southampton,0.0,25.0,1
1250,24.0,Female,Crew,Cherbourg,0.0,69.0,1
1251,1.0,Male,C3,Cherbourg,0.0,8.0,1
1252,16.0,Female,C3,Cherbourg,0.0,8.0,1
1253,18.0,Female,C1,Southampton,0.0,79.0,1
1254,39.0,Female,C1,Southampton,0.0,79.0,1
1255,48.0,Male,C1,Southampton,1.0,52.0,1
1256,49.0,Female,C1,Southampton,1.0,52.0,1
1257,17.0,Male,C1,Cherbourg,0.0,110.0,1
1258,39.0,Female,C1,Cherbourg,0.0,110.0,1
1259,46.0,Male,Crew,Southampton,0.0,0.0,1
1260,36.0,Male,Crew,Southampton,0.0,0.0,1
1261,37.0,Female,C1,Cherbourg,1.0,80.0,1
1262,32.0,Female,C3,Southampton,1.0,16.0,1
1263,50.0,Female,C2,Southampton,0.0,10.0,1
1264,41.0,Male,Crew,Southampton,0.0,0.0,1
1265,27.0,Female,C2,Southampton,0.0,12.0,1
1266,27.0,Female,C2,Southampton,0.0,10.0,1
1267,8.0,Male,C3,Cherbourg,0.0,15.0,1
1268,9.0,Female,C3,Cherbourg,0.0,15.0,1
1269,27.0,Female,C3,Cherbourg,1.0,15.0,1
1270,31.0,Male,C1,Cherbourg,0.0,28.0,1
1271,18.0,Female,C3,Southampton,0.0,9.0,1
1272,64.0,Female,C3,Southampton,0.0,9.0,1
1273,26.0,Male,C3,Southampton,0.0,19.54,1
1274,22.0,Male,C3,Cherbourg,1.0,7.0,1
1275,36.0,Female,C2,Southampton,0.0,21.0,1
1276,37.0,Female,Crew,Cherbourg,0.0,512.0,1
1277,37.0,Male,Crew,Southampton,1.0,0.0,1
1278,32.0,Female,C2,Southampton,0.0,21.0,1
1279,60.0,Female,C1,Cherbourg,1.0,75.0,1
1280,12.0,Female,C2,Southampton,0.0,15.0,1
1281,40.0,Female,C2,Southampton,0.0,15.0,1
1282,38.0,Female,C2,Southampton,0.0,13.0,1
1283,37.0,Female,C2,Southampton,0.0,26.0,1
1284,2.0,Male,C2,Southampton,0.0,23.0,1
1285,4.0,Female,C2,Southampton,0.0,23.0,1
1286,29.0,Female,C2,Southampton,1.0,23.0,1
1287,27.0,Male,C3,Southampton,0.0,7.0,1
1288,1.0,Female,C2,Southampton,0.0,27.0,1
1289,4.0,Female,C2,Southampton,0.0,27.0,1
1290,33.0,Female,C2,Southampton,1.0,27.0,1
1291,31.0,Male,C2,Southampton,1.0,13.0,1
1292,55.0,Female,C1,Cherbourg,0.0,135.0,1
1293,31.0,Female,C1,Southampton,0.0,164.0,1
1294,45.0,Female,C1,Southampton,0.0,164.0,1
1295,50.0,Female,C1,Southampton,1.0,211.0,1
1296,37.0,Male,Crew,Southampton,0.0,0.0,1
1297,47.0,Female,C3,Southampton,1.0,7.0,1
1298,21.0,Female,C1,Southampton,0.0,26.0,1
1299,23.0,Male,C2,Southampton,1.0,13.0,1
1300,21.0,Male,C1,Cherbourg,0.0,61.0,1
1301,33.0,Female,Crew,Cherbourg,0.0,134.0,1
1302,45.0,Male,C1,Southampton,0.0,35.0,1
1303,26.0,Female,C2,Southampton,0.0,13.0,1
1304,47.0,Male,Crew,Southampton,1.0,0.0,1
1305,41.0,Male,Crew,Belfast,1.0,0.0,1
1306,17.0,Female,C3,Cherbourg,0.0,14.0,1
1307,36.0,Female,C1,Cherbourg,0.0,135.0,1
1308,4.0,Male,C3,Cherbourg,0.0,22.0,1
1309,2.0,Female,C3,Cherbourg,0.0,22.0,1
1310,23.0,Female,C3,Cherbourg,1.0,22.0,1
1311,22.0,Female,C1,Southampton,0.0,61.0,1
1312,27.0,Male,C3,Cherbourg,0.0,7.0,1
